{"cameraMode":{"drawMode":0,"name":"Shaded","section":"Shading Mode"},"sceneLighting":true,"audioPlay":false,"sceneViewState":{"m_AlwaysRefresh":false,"showFog":true,"showSkybox":true,"showFlares":true,"showImageEffects":true,"showParticleSystems":true,"showVisualEffectGraphs":true,"m_FxEnabled":true},"in2DMode":false,"pivot":{"x":4.869014739990234,"y":8.604158401489258,"z":0.40000009536743166},"rotation":{"x":0.017653247341513635,"y":0.07410142570734024,"z":0.00112823152448982,"w":-0.9970673322677612},"size":13.135570526123047,"orthographic":false}